-- MySQL dump 10.13  Distrib 5.7.17, for Win64 (x86_64)
--
-- Host: testdatabase.cemm44ixxwdc.us-east-1.rds.amazonaws.com    Database: testSchema
-- ------------------------------------------------------
-- Server version	5.5.5-10.0.24-MariaDB

/*!40101 SET @OLD_CHARACTER_SET_CLIENT=@@CHARACTER_SET_CLIENT */;
/*!40101 SET @OLD_CHARACTER_SET_RESULTS=@@CHARACTER_SET_RESULTS */;
/*!40101 SET @OLD_COLLATION_CONNECTION=@@COLLATION_CONNECTION */;
/*!40101 SET NAMES utf8 */;
/*!40103 SET @OLD_TIME_ZONE=@@TIME_ZONE */;
/*!40103 SET TIME_ZONE='+00:00' */;
/*!40014 SET @OLD_UNIQUE_CHECKS=@@UNIQUE_CHECKS, UNIQUE_CHECKS=0 */;
/*!40014 SET @OLD_FOREIGN_KEY_CHECKS=@@FOREIGN_KEY_CHECKS, FOREIGN_KEY_CHECKS=0 */;
/*!40101 SET @OLD_SQL_MODE=@@SQL_MODE, SQL_MODE='NO_AUTO_VALUE_ON_ZERO' */;
/*!40111 SET @OLD_SQL_NOTES=@@SQL_NOTES, SQL_NOTES=0 */;

--
-- Table structure for table `RibbonTags`
--

DROP TABLE IF EXISTS `RibbonTags`;
/*!40101 SET @saved_cs_client     = @@character_set_client */;
/*!40101 SET character_set_client = utf8 */;
CREATE TABLE `RibbonTags` (
  `createdAt` datetime NOT NULL,
  `updatedAt` datetime NOT NULL,
  `ribbonId` int(11) NOT NULL DEFAULT '0',
  `availabilityTypeId` int(11) NOT NULL DEFAULT '0',
  PRIMARY KEY (`ribbonId`,`availabilityTypeId`),
  KEY `availabilityTypeId` (`availabilityTypeId`),
  CONSTRAINT `RibbonTags_ibfk_1` FOREIGN KEY (`ribbonId`) REFERENCES `ribbons` (`id`) ON DELETE CASCADE ON UPDATE CASCADE,
  CONSTRAINT `RibbonTags_ibfk_2` FOREIGN KEY (`availabilityTypeId`) REFERENCES `availabilityTypes` (`id`) ON DELETE CASCADE ON UPDATE CASCADE
) ENGINE=InnoDB DEFAULT CHARSET=latin1;
/*!40101 SET character_set_client = @saved_cs_client */;

--
-- Dumping data for table `RibbonTags`
--

LOCK TABLES `RibbonTags` WRITE;
/*!40000 ALTER TABLE `RibbonTags` DISABLE KEYS */;
INSERT INTO `RibbonTags` VALUES ('2017-03-14 23:04:49','2017-03-14 23:04:49',1,3),('2017-03-14 23:04:49','2017-03-14 23:04:49',2,2),('2017-03-14 23:04:49','2017-03-14 23:04:49',3,2),('2017-03-14 23:04:49','2017-03-14 23:04:49',4,1),('2017-03-14 23:04:49','2017-03-14 23:04:49',5,1),('2017-03-14 23:04:49','2017-03-14 23:04:49',6,5),('2017-03-14 23:04:49','2017-03-14 23:04:49',7,5),('2017-03-14 23:04:49','2017-03-14 23:04:49',8,5),('2017-03-14 23:04:49','2017-03-14 23:04:49',9,1),('2017-03-14 23:04:49','2017-03-14 23:04:49',10,1),('2017-03-14 23:04:49','2017-03-14 23:04:49',11,1),('2017-03-14 23:04:49','2017-03-14 23:04:49',12,5),('2017-03-14 23:04:49','2017-03-14 23:04:49',13,2),('2017-03-14 23:04:49','2017-03-14 23:04:49',14,2),('2017-03-14 23:04:49','2017-03-14 23:04:49',15,4),('2017-03-14 23:04:49','2017-03-14 23:04:49',16,5),('2017-03-14 23:04:49','2017-03-14 23:04:49',17,3),('2017-03-14 23:04:49','2017-03-14 23:04:49',18,4),('2017-03-14 23:04:49','2017-03-14 23:04:49',19,4),('2017-03-14 23:04:49','2017-03-14 23:04:49',20,5),('2017-03-14 23:04:49','2017-03-14 23:04:49',21,5),('2017-03-14 23:04:49','2017-03-14 23:04:49',22,2),('2017-03-14 23:04:49','2017-03-14 23:04:49',23,2),('2017-03-14 23:04:49','2017-03-14 23:04:49',24,1),('2017-03-14 23:04:49','2017-03-14 23:04:49',25,3),('2017-03-14 23:04:49','2017-03-14 23:04:49',26,2),('2017-03-14 23:04:49','2017-03-14 23:04:49',27,1),('2017-03-14 23:04:49','2017-03-14 23:04:49',28,1),('2017-03-14 23:04:49','2017-03-14 23:04:49',29,3),('2017-03-14 23:04:49','2017-03-14 23:04:49',30,2),('2017-03-14 23:04:49','2017-03-14 23:04:49',31,4),('2017-03-14 23:04:49','2017-03-14 23:04:49',32,4),('2017-03-14 23:04:49','2017-03-14 23:04:49',33,1),('2017-03-14 23:04:49','2017-03-14 23:04:49',34,1),('2017-03-14 23:04:49','2017-03-14 23:04:49',35,3),('2017-03-14 23:04:49','2017-03-14 23:04:49',36,3),('2017-03-14 23:04:49','2017-03-14 23:04:49',37,3),('2017-03-14 23:04:49','2017-03-14 23:04:49',38,4),('2017-03-14 23:04:49','2017-03-14 23:04:49',39,2),('2017-03-14 23:04:49','2017-03-14 23:04:49',40,1),('2017-03-14 23:04:49','2017-03-14 23:04:49',41,3),('2017-03-14 23:04:49','2017-03-14 23:04:49',42,2),('2017-03-14 23:04:49','2017-03-14 23:04:49',43,3),('2017-03-14 23:04:49','2017-03-14 23:04:49',44,1),('2017-03-14 23:04:49','2017-03-14 23:04:49',45,3),('2017-03-14 23:04:49','2017-03-14 23:04:49',46,5),('2017-03-14 23:04:49','2017-03-14 23:04:49',47,1),('2017-03-14 23:04:49','2017-03-14 23:04:49',48,5),('2017-03-14 23:04:49','2017-03-14 23:04:49',49,4),('2017-03-14 23:04:49','2017-03-14 23:04:49',50,1),('2017-03-14 23:04:49','2017-03-14 23:04:49',51,3),('2017-03-14 23:04:49','2017-03-14 23:04:49',52,5),('2017-03-14 23:04:49','2017-03-14 23:04:49',53,2),('2017-03-14 23:04:49','2017-03-14 23:04:49',54,3),('2017-03-14 23:04:49','2017-03-14 23:04:49',55,3),('2017-03-14 23:04:49','2017-03-14 23:04:49',56,4),('2017-03-14 23:04:49','2017-03-14 23:04:49',57,5),('2017-03-14 23:04:49','2017-03-14 23:04:49',58,4),('2017-03-14 23:04:49','2017-03-14 23:04:49',59,1),('2017-03-14 23:04:49','2017-03-14 23:04:49',60,3),('2017-03-14 23:04:49','2017-03-14 23:04:49',61,1),('2017-03-14 23:04:50','2017-03-14 23:04:50',62,1),('2017-03-14 23:04:50','2017-03-14 23:04:50',63,5),('2017-03-14 23:04:50','2017-03-14 23:04:50',64,2),('2017-03-14 23:04:50','2017-03-14 23:04:50',65,1),('2017-03-14 23:04:50','2017-03-14 23:04:50',66,3),('2017-03-14 23:04:50','2017-03-14 23:04:50',67,5),('2017-03-14 23:04:50','2017-03-14 23:04:50',68,4),('2017-03-14 23:04:50','2017-03-14 23:04:50',69,5),('2017-03-14 23:04:50','2017-03-14 23:04:50',70,2),('2017-03-14 23:04:50','2017-03-14 23:04:50',71,1),('2017-03-14 23:04:50','2017-03-14 23:04:50',72,2),('2017-03-14 23:04:50','2017-03-14 23:04:50',73,1),('2017-03-14 23:04:50','2017-03-14 23:04:50',74,5),('2017-03-14 23:04:50','2017-03-14 23:04:50',75,1),('2017-03-14 23:04:50','2017-03-14 23:04:50',76,5),('2017-03-14 23:04:50','2017-03-14 23:04:50',77,2),('2017-03-14 23:04:50','2017-03-14 23:04:50',78,5),('2017-03-14 23:04:50','2017-03-14 23:04:50',79,4),('2017-03-14 23:04:50','2017-03-14 23:04:50',80,1),('2017-03-14 23:04:50','2017-03-14 23:04:50',81,2),('2017-03-14 23:04:50','2017-03-14 23:04:50',82,3),('2017-03-14 23:04:50','2017-03-14 23:04:50',83,1),('2017-03-14 23:04:50','2017-03-14 23:04:50',84,2),('2017-03-14 23:04:50','2017-03-14 23:04:50',85,5),('2017-03-14 23:04:50','2017-03-14 23:04:50',86,4),('2017-03-14 23:04:50','2017-03-14 23:04:50',87,2),('2017-03-14 23:04:50','2017-03-14 23:04:50',88,1),('2017-03-14 23:04:50','2017-03-14 23:04:50',89,5),('2017-03-14 23:04:50','2017-03-14 23:04:50',90,2),('2017-03-14 23:04:50','2017-03-14 23:04:50',91,4),('2017-03-14 23:04:50','2017-03-14 23:04:50',92,1),('2017-03-14 23:04:50','2017-03-14 23:04:50',93,4),('2017-03-14 23:04:50','2017-03-14 23:04:50',94,3),('2017-03-14 23:04:50','2017-03-14 23:04:50',95,1),('2017-03-14 23:04:50','2017-03-14 23:04:50',96,2),('2017-03-14 23:04:50','2017-03-14 23:04:50',97,3),('2017-03-14 23:04:50','2017-03-14 23:04:50',98,3),('2017-03-14 23:04:50','2017-03-14 23:04:50',99,1),('2017-03-14 23:04:50','2017-03-14 23:04:50',100,4);
/*!40000 ALTER TABLE `RibbonTags` ENABLE KEYS */;
UNLOCK TABLES;

--
-- Table structure for table `availabilityTypes`
--

DROP TABLE IF EXISTS `availabilityTypes`;
/*!40101 SET @saved_cs_client     = @@character_set_client */;
/*!40101 SET character_set_client = utf8 */;
CREATE TABLE `availabilityTypes` (
  `id` int(11) NOT NULL AUTO_INCREMENT,
  `description` varchar(255) NOT NULL,
  `createdAt` datetime NOT NULL,
  `updatedAt` datetime NOT NULL,
  PRIMARY KEY (`id`),
  UNIQUE KEY `description` (`description`),
  UNIQUE KEY `availabilityTypes_description_unique` (`description`)
) ENGINE=InnoDB AUTO_INCREMENT=6 DEFAULT CHARSET=latin1;
/*!40101 SET character_set_client = @saved_cs_client */;

--
-- Dumping data for table `availabilityTypes`
--

LOCK TABLES `availabilityTypes` WRITE;
/*!40000 ALTER TABLE `availabilityTypes` DISABLE KEYS */;
INSERT INTO `availabilityTypes` VALUES (1,'Trade','2017-03-14 23:04:41','2017-03-14 23:04:41'),(2,'Special Action','2017-03-14 23:04:41','2017-03-14 23:04:41'),(3,'Scavenger Hunt','2017-03-14 23:04:41','2017-03-14 23:04:41'),(4,'Giveaway','2017-03-14 23:04:41','2017-03-14 23:04:41'),(5,'Special Requirement','2017-03-14 23:04:41','2017-03-14 23:04:41');
/*!40000 ALTER TABLE `availabilityTypes` ENABLE KEYS */;
UNLOCK TABLES;

--
-- Table structure for table `ribbons`
--

DROP TABLE IF EXISTS `ribbons`;
/*!40101 SET @saved_cs_client     = @@character_set_client */;
/*!40101 SET character_set_client = utf8 */;
CREATE TABLE `ribbons` (
  `id` int(11) NOT NULL AUTO_INCREMENT,
  `image` varchar(255) DEFAULT NULL,
  `description` varchar(1200) NOT NULL,
  `title` varchar(255) NOT NULL,
  `createdAt` datetime NOT NULL,
  `updatedAt` datetime NOT NULL,
  `deletedAt` datetime DEFAULT NULL,
  `OwnerId` int(11) NOT NULL,
  PRIMARY KEY (`id`),
  KEY `OwnerId` (`OwnerId`),
  CONSTRAINT `ribbons_ibfk_1` FOREIGN KEY (`OwnerId`) REFERENCES `users` (`id`) ON DELETE NO ACTION ON UPDATE CASCADE
) ENGINE=InnoDB AUTO_INCREMENT=101 DEFAULT CHARSET=latin1;
/*!40101 SET character_set_client = @saved_cs_client */;

--
-- Dumping data for table `ribbons`
--

LOCK TABLES `ribbons` WRITE;
/*!40000 ALTER TABLE `ribbons` DISABLE KEYS */;
INSERT INTO `ribbons` VALUES (1,'methodologies','capacitor Music workforce Concrete Fantastic maroon open-source matrix Suriname e-tailers','Kyat','2017-03-14 23:04:44','2017-03-14 23:04:50',DEFAULT,21),(2,'channels','Automotive United States Minor Outlying Islands supply-chains e-services capacity magenta Checking Account infrastructure modular Auto Loan Account','Palestinian Territory','2017-03-14 23:04:44','2017-03-14 23:04:50',DEFAULT,87),(3,'Bangladesh','bus bandwidth-monitored Borders District Lead Steel white Ergonomic Cotton Chicken Games Locks','deposit','2017-03-14 23:04:44','2017-03-14 23:04:50',DEFAULT,45),(4,'Agent','Chile Facilitator pixel Norwegian Krone purple Manager Clothing Triple-buffered e-commerce auxiliary','salmon','2017-03-14 23:04:44','2017-03-14 23:04:50',DEFAULT,14),(5,'green','IB grey Principal Avon Investment Account navigate Berkshire workforce gold Handcrafted','transmitter','2017-03-14 23:04:44','2017-03-14 23:04:50',DEFAULT,28),(6,'Chief','concept bypassing Fantastic Wooden Chips Checking Account Myanmar relationships interactive Auto Loan Account deliverables interface','Bedfordshire','2017-03-14 23:04:44','2017-03-14 23:04:50',DEFAULT,58),(7,'Intelligent','virtual methodologies system Specialist Equatorial Guinea Avon Practical Concrete Chair Borders Vatu virtual','disintermediate','2017-03-14 23:04:44','2017-03-14 23:04:50',DEFAULT,7),(8,'TCP','Manager PCI Solomon Islands Managed Kids deliverables synergize Taiwan Via Cambodia','Peru','2017-03-14 23:04:44','2017-03-14 23:04:50',DEFAULT,77),(9,'Tools','Berkshire Avon Plastic Steel cyan platforms Customer-focused Fantastic dot-com Gloves','PCI','2017-03-14 23:04:44','2017-03-14 23:04:50',DEFAULT,96),(10,'copy','Health withdrawal transmit Borders Ameliorated magenta compress Ball Rustic Rwanda Franc','Creative','2017-03-14 23:04:44','2017-03-14 23:04:50',DEFAULT,1),(11,'Car','Baby Extension capacitor partnerships Bedfordshire Outdoors Buckinghamshire Security programming monitor','Sleek','2017-03-14 23:04:44','2017-03-14 23:04:50',DEFAULT,90),(12,'Table','bus asymmetric Qatar Garden Lead Product Movies Assurance Cotton national','Personal Loan Account','2017-03-14 23:04:44','2017-03-14 23:04:50',DEFAULT,95),(13,'quantify','Synchronised programming Officer Producer Shore Home Loan Account transmit withdrawal array Baby','support','2017-03-14 23:04:44','2017-03-14 23:04:50',DEFAULT,6),(14,'Cambridgeshire','calculate PCI Games complexity Integration Bedfordshire frame Maldives magenta haptic','end-to-end','2017-03-14 23:04:44','2017-03-14 23:04:50',DEFAULT,54),(15,'transmitting','Soap Ergonomic Plastic Bacon upward-trending Anguilla secured line paradigm Concrete Synergized Lead hybrid','hard drive','2017-03-14 23:04:44','2017-03-14 23:04:50',DEFAULT,87),(16,'Function-based','Austria French Southern Territories Rustic Plastic Chicken Decentralized Guarani Pizza Refined Frozen Chicken Florida Generic hard drive','Fish','2017-03-14 23:04:44','2017-03-14 23:04:51',DEFAULT,56),(17,'client-server','Sudan cyan Licensed Soft Shirt deposit deposit New York Refined Plastic Chair Mobility Awesome Fresh Chair SSL','Sleek Metal Ball','2017-03-14 23:04:44','2017-03-14 23:04:50',DEFAULT,74),(18,'deposit','Berkshire AGP Salad CSS back up withdrawal Planner Switchable Industrial withdrawal','connecting','2017-03-14 23:04:44','2017-03-14 23:04:51',DEFAULT,26),(19,'Practical','index Realigned Concrete neural-net Small Brazilian Real auxiliary Strategist payment fuchsia','Mali','2017-03-14 23:04:44','2017-03-14 23:04:51',DEFAULT,55),(20,'Vermont','Chief Chief generating Baby CFP Franc whiteboard Avon invoice gold regional','monitor','2017-03-14 23:04:44','2017-03-14 23:04:51',DEFAULT,79),(21,'Licensed Plastic Chicken','driver Automotive magenta Rustic Plastic Pizza withdrawal secured line Florida Practical Fresh Computer Soft Shirt','Berkshire','2017-03-14 23:04:44','2017-03-14 23:04:51',DEFAULT,87),(22,'magenta','Buckinghamshire systems PNG Pizza customized contextually-based Afghani turquoise neural Games','Colorado','2017-03-14 23:04:44','2017-03-14 23:04:51',DEFAULT,82),(23,'Buckinghamshire','Directives transmit local violet Cuban Peso Peso Convertible Computer architect Auto Loan Account technologies Shoes','JBOD','2017-03-14 23:04:44','2017-03-14 23:04:51',DEFAULT,89),(24,'Response','Aruban Guilder Specialist silver sexy application Architect middleware Plastic mesh adapter','open-source','2017-03-14 23:04:44','2017-03-14 23:04:51',DEFAULT,71),(25,'SMS','Michigan asynchronous mint green platforms Concrete Balboa US Dollar initiatives Indiana enterprise matrix','Steel','2017-03-14 23:04:44','2017-03-14 23:04:51',DEFAULT,45),(26,'paradigm','France quantify primary RAM white optimizing Buckinghamshire pixel maroon Tuna','Cote d\'Ivoire','2017-03-14 23:04:44','2017-03-14 23:04:51',DEFAULT,29),(27,'supply-chains','solid state sensor AI empower Facilitator Human plum index payment PCI','SAS','2017-03-14 23:04:44','2017-03-14 23:04:51',DEFAULT,75),(28,'microchip','Iowa Wooden disintermediate virtual Avon Shoes XSS Creative Planner cyan','Facilitator','2017-03-14 23:04:44','2017-03-14 23:04:51',DEFAULT,24),(29,'SAS','encompassing Tasty Soft Shoes Highway Gibraltar bus transmitting synthesize bus Customer-focused microchip','Incredible Cotton Hat','2017-03-14 23:04:44','2017-03-14 23:04:51',DEFAULT,62),(30,'invoice','architect withdrawal Tuna Assurance seamless Representative Quality-focused Alaska deploy Wooden','Ecuador','2017-03-14 23:04:44','2017-03-14 23:04:51',DEFAULT,52),(31,'3rd generation','Paradigm calculate Technician pink Concrete Chief Unbranded Steel Pizza Botswana Refined incubate','Ethiopian Birr','2017-03-14 23:04:44','2017-03-14 23:04:51',DEFAULT,43),(32,'HTTP','strategize Ghana Mobility monitor copying Practical Response Auto Loan Account Auto Loan Account Small','granular','2017-03-14 23:04:44','2017-03-14 23:04:51',DEFAULT,67),(33,'Public-key','Radial functionalities background USB Soap Sports Accountability Netherlands Antillian Guilder Buckinghamshire Manager','productize','2017-03-14 23:04:44','2017-03-14 23:04:51',DEFAULT,8),(34,'Intelligent Soft Table','Practical withdrawal Music Accounts e-services Intuitive gold deliverables Shoes invoice','SCSI','2017-03-14 23:04:44','2017-03-14 23:04:51',DEFAULT,61),(35,'Locks','neural-net Ergonomic 3rd generation calculating Granite Home Loan Account directional Vatu Zimbabwe Dollar neural','Intelligent Frozen Chips','2017-03-14 23:04:44','2017-03-14 23:04:51',DEFAULT,22),(36,'bandwidth','Credit Card Account Creative Fresh primary ubiquitous tan Inverse invoice Automotive Mobility','Senior','2017-03-14 23:04:44','2017-03-14 23:04:51',DEFAULT,56),(37,'Marketing','Mount ivory Kansas Auto Loan Account Barbados Dollar Generic calculate bi-directional copy multi-byte','Home Loan Account','2017-03-14 23:04:44','2017-03-14 23:04:51',DEFAULT,45),(38,'e-enable','JSON Interactions Yen invoice Home Loan Account purple enable Stand-alone Licensed scalable','systems','2017-03-14 23:04:44','2017-03-14 23:04:51',DEFAULT,49),(39,'Albania','neural copying Fresh Home Loan Account Indonesia Flats Rest deposit Chief connecting','Integration','2017-03-14 23:04:44','2017-03-14 23:04:51',DEFAULT,92),(40,'systems','Ergonomic Soft Chicken bifurcated Passage benchmark Chile Personal Loan Account bypass Moroccan Dirham Designer Auto Loan Account','redundant','2017-03-14 23:04:44','2017-03-14 23:04:51',DEFAULT,71),(41,'Public-key','Incredible Metal Keyboard Generic Wooden Sausages Auto Loan Account ivory Seychelles Rupee Internal schemas circuit high-level magenta','strategy','2017-03-14 23:04:44','2017-03-14 23:04:51',DEFAULT,49),(42,'extend','Directives application Home Loan Account Table Computer Practical Fresh Pants Savings Account alarm Movies Producer','parsing','2017-03-14 23:04:44','2017-03-14 23:04:51',DEFAULT,22),(43,'Granite','Checking Account Wooden Devolved protocol SDD deposit Myanmar Kids port enable','auxiliary','2017-03-14 23:04:44','2017-03-14 23:04:51',DEFAULT,26),(44,'navigating','Small calculate e-business B2C Money Market Account whiteboard solutions Cambridgeshire microchip Web','Squares','2017-03-14 23:04:44','2017-03-14 23:04:51',DEFAULT,43),(45,'Specialist','Oman full-range Tasty Unions Manors Handmade Wooden Pants Steel Savings Account FTP invoice','Orchestrator','2017-03-14 23:04:44','2017-03-14 23:04:51',DEFAULT,48),(46,'open-source','payment Universal override website Assurance Ergonomic Cotton Shirt Senior Flats Bedfordshire Licensed','solutions','2017-03-14 23:04:44','2017-03-14 23:04:51',DEFAULT,75),(47,'Fresh','Agent transmitter dynamic matrix solid state withdrawal e-tailers program Proactive Open-architected','Tools','2017-03-14 23:04:44','2017-03-14 23:04:51',DEFAULT,10),(48,'Grocery','Future neutral array mobile Graphic Interface RSS Shoals Jordan world-class Fresh','Soft','2017-03-14 23:04:44','2017-03-14 23:04:51',DEFAULT,45),(49,'info-mediaries','Right-sized Implementation Legacy Hong Kong Dollar Alaska Rwanda mint green program Chief feed','Berkshire','2017-03-14 23:04:44','2017-03-14 23:04:51',DEFAULT,45),(50,'Avon','Centralized Phased utilize orchestrate Representative schemas compress copy help-desk innovative','distributed','2017-03-14 23:04:44','2017-03-14 23:04:51',DEFAULT,15),(51,'Croatian Kuna','Sleek Plastic Sausages payment web-enabled Optimization Bacon deliver South Carolina Cambridgeshire Keyboard olive','payment','2017-03-14 23:04:45','2017-03-14 23:04:51',DEFAULT,25),(52,'transmitting','Games violet Auto Loan Account Generic Investment Account Refined Frozen Chair Associate Croatia payment bypass','calculate','2017-03-14 23:04:45','2017-03-14 23:04:51',DEFAULT,42),(53,'quantifying','Texas Burgs integrated Oregon Jordan indexing system-worthy Rue distributed Fresh','discrete','2017-03-14 23:04:45','2017-03-14 23:04:51',DEFAULT,5),(54,'channels','clicks-and-mortar Chips Bedfordshire Electronics Engineer redundant connect Iceland Krona Garden integrate','architect','2017-03-14 23:04:45','2017-03-14 23:04:51',DEFAULT,19),(55,'Handcrafted','Strategist Bedfordshire Visionary Qatar intangible FTP Intelligent Wooden Chicken copy Practical Soft Shirt Music','Checking Account','2017-03-14 23:04:45','2017-03-14 23:04:51',DEFAULT,82),(56,'Executive','next-generation Som plum e-business open-source User-friendly Corner COM engineer orchestration','Small','2017-03-14 23:04:45','2017-03-14 23:04:51',DEFAULT,84),(57,'Generic','Profound web services orchestration South Dakota United Arab Emirates online District Niue e-services Generic Fresh Bacon','e-services','2017-03-14 23:04:45','2017-03-14 23:04:51',DEFAULT,59),(58,'next-generation','Tunnel Cambridgeshire Tasty Nebraska cohesive solution harness overriding Coordinator solid state','cultivate','2017-03-14 23:04:45','2017-03-14 23:04:51',DEFAULT,17),(59,'Forward','Tuna JBOD Fantastic Ohio value-added Distributed Nebraska fuchsia deposit Credit Card Account','e-commerce','2017-03-14 23:04:45','2017-03-14 23:04:51',DEFAULT,41),(60,'product','lime migration payment Pennsylvania synthesize cultivate Clothing Salad Fresh Costa Rican Colon','EXE','2017-03-14 23:04:45','2017-03-14 23:04:51',DEFAULT,34),(61,'transmitting','Car EXE Berkshire Designer Computers International Personal Loan Account implementation plug-and-play Concrete','Cambridgeshire','2017-03-14 23:04:45','2017-03-14 23:04:51',DEFAULT,89),(62,'Beauty','Berkshire indexing models invoice directional Malaysia Innovative Ameliorated Program invoice','Toys','2017-03-14 23:04:45','2017-03-14 23:04:51',DEFAULT,100),(63,'Latvia','utilize Ergonomic Granite Bacon Fish Buckinghamshire Reduced Rwanda Tonga Digitized Ergonomic Locks','reboot','2017-03-14 23:04:45','2017-03-14 23:04:51',DEFAULT,69),(64,'drive','Nevada Auto Loan Account Heights Plains standardization paradigm user-facing South Georgia and the South Sandwich Islands synthesize capacitor','Mauritius','2017-03-14 23:04:45','2017-03-14 23:04:51',DEFAULT,59),(65,'fuchsia','Baby explicit Table local area network Tuna Brazilian Real parse Berkshire Right-sized Assimilated','Borders','2017-03-14 23:04:45','2017-03-14 23:04:51',DEFAULT,14),(66,'Mouse','Concrete end-to-end Croatian Kuna azure Up-sized parse Georgia Avon Ranch Rustic','connecting','2017-03-14 23:04:45','2017-03-14 23:04:51',DEFAULT,30),(67,'Saint Kitts and Nevis','XSS Balboa US Dollar software Licensed Cotton Keyboard ivory Interactions transmitter Sleek Fresh Mouse Mississippi Customizable','internet solution','2017-03-14 23:04:45','2017-03-14 23:04:51',DEFAULT,19),(68,'foreground','Licensed Rubber Keyboard Granite Checking Account framework virtual Incredible Ouguiya Quality parsing cross-platform','Engineer','2017-03-14 23:04:45','2017-03-14 23:04:51',DEFAULT,54),(69,'foreground','multi-byte strategic optical Delaware Face to face Handcrafted Gorgeous Metal Tuna Burundi Franc driver primary','Intelligent','2017-03-14 23:04:45','2017-03-14 23:04:51',DEFAULT,32),(70,'Branding','SDD Connecticut Corporate standardization Steel FTP niches Avon Fields viral','bi-directional','2017-03-14 23:04:45','2017-03-14 23:04:51',DEFAULT,60),(71,'ivory','transform calculating mint green Legacy digital card Coordinator compressing Universal instruction set','protocol','2017-03-14 23:04:45','2017-03-14 23:04:51',DEFAULT,11),(72,'Tasty','Som Bangladesh world-class synergies North Carolina capacitor Pizza Tasty Granite Fish infomediaries Markets','solutions','2017-03-14 23:04:45','2017-03-14 23:04:52',DEFAULT,25),(73,'withdrawal','Mozambique Bedfordshire Home Loan Account Bedfordshire blue Synergistic Mississippi transmit time-frame engage','Investment Account','2017-03-14 23:04:45','2017-03-14 23:04:52',DEFAULT,25),(74,'violet','solid state RAM knowledge user Public-key optical sensor deposit port Frozen USB','Fall','2017-03-14 23:04:45','2017-03-14 23:04:51',DEFAULT,9),(75,'Oklahoma','Handmade Fresh Gloves Identity Pataca Latvia azure Savings Account streamline Operations payment Denar','Mobility','2017-03-14 23:04:45','2017-03-14 23:04:52',DEFAULT,67),(76,'instruction set','backing up synergistic grey Refined Intranet USB RSS Ergonomic hack TCP','Car','2017-03-14 23:04:45','2017-03-14 23:04:52',DEFAULT,66),(77,'Lead','withdrawal back up Soft Incredible solid state pricing structure Papua New Guinea Networked Taiwan strategize','microchip','2017-03-14 23:04:45','2017-03-14 23:04:52',DEFAULT,84),(78,'Unbranded Metal Towels','multi-byte virtual Consultant methodologies generating Reverse-engineered Awesome Granite Table invoice Forward feed','Multi-layered','2017-03-14 23:04:45','2017-03-14 23:04:52',DEFAULT,52),(79,'Berkshire','Lodge Buckinghamshire Table transmitting collaboration multi-byte backing up Books Cloned matrix','compressing','2017-03-14 23:04:45','2017-03-14 23:04:52',DEFAULT,80),(80,'Pakistan','Tugrik bottom-line Pa\'anga Human Surinam Dollar lavender model solution-oriented Plastic Consultant','Incredible','2017-03-14 23:04:45','2017-03-14 23:04:52',DEFAULT,29),(81,'interactive','transparent Branding Human bypassing Small Concrete Shoes Avon Unbranded digital maximize paradigms','override','2017-03-14 23:04:45','2017-03-14 23:04:52',DEFAULT,57),(82,'asymmetric','withdrawal Auto Loan Account 1080p Ports Usability Associate indexing lime Metal Home Loan Account','Home Loan Account','2017-03-14 23:04:45','2017-03-14 23:04:52',DEFAULT,65),(83,'Organic','US Dollar invoice compress bypassing 24/365 aggregate quantify 24 hour 3rd generation Mississippi','Licensed Cotton Ball','2017-03-14 23:04:45','2017-03-14 23:04:52',DEFAULT,84),(84,'Awesome Cotton Shoes','Fully-configurable Money Market Account Producer Plastic Computer Up-sized models Wooden user-facing Buckinghamshire','Associate','2017-03-14 23:04:45','2017-03-14 23:04:52',DEFAULT,30),(85,'Personal Loan Account','Borders analyzer payment motivating Papua New Guinea facilitate transparent capacitor deposit Future','Reduced','2017-03-14 23:04:45','2017-03-14 23:04:52',DEFAULT,41),(86,'silver','azure Computer input Seamless withdrawal Pennsylvania methodologies PNG Bedfordshire Up-sized','navigating','2017-03-14 23:04:45','2017-03-14 23:04:52',DEFAULT,80),(87,'invoice','Response Planner Awesome Pre-emptive JSON Australia monitor District Money Market Account Czech Koruna','sexy','2017-03-14 23:04:45','2017-03-14 23:04:52',DEFAULT,19),(88,'payment','Cambridgeshire Nigeria International Egyptian Pound panel bus Versatile Mouse Plains Directives','Home','2017-03-14 23:04:45','2017-03-14 23:04:52',DEFAULT,9),(89,'Berkshire','Progressive Face to face Generic Illinois Garden Sausages Garden Unbranded solutions Regional','next-generation','2017-03-14 23:04:45','2017-03-14 23:04:52',DEFAULT,12),(90,'Bacon','Keyboard Specialist District olive regional 24/365 withdrawal Profound deposit New Hampshire','Investment Account','2017-03-14 23:04:45','2017-03-14 23:04:52',DEFAULT,37),(91,'silver','info-mediaries local area network Unbranded hub firewall withdrawal Buckinghamshire Response Investment Account Officer','Practical','2017-03-14 23:04:45','2017-03-14 23:04:52',DEFAULT,35),(92,'JSON','open-source networks Avenue Music AGP plug-and-play Avon deliverables Response system','generating','2017-03-14 23:04:45','2017-03-14 23:04:52',DEFAULT,30),(93,'Home Loan Account','invoice contingency Security Bulgaria payment Executive index Niue override Inverse','metrics','2017-03-14 23:04:45','2017-03-14 23:04:52',DEFAULT,85),(94,'application','Home Loan Account Ouguiya niches Flat transform Berkshire Soft Architect Buckinghamshire Accountability','process improvement','2017-03-14 23:04:45','2017-03-14 23:04:52',DEFAULT,78),(95,'Exclusive','orchid SSL card Saudi Arabia THX system Borders generate Architect Bedfordshire','Branding','2017-03-14 23:04:45','2017-03-14 23:04:52',DEFAULT,50),(96,'turquoise','Human backing up International pixel Granite Practical Illinois Oklahoma Gorgeous Plastic Sausages uniform','Borders','2017-03-14 23:04:45','2017-03-14 23:04:52',DEFAULT,31),(97,'transmitting','Technician Coves high-level compress attitude Analyst Brand blue synergistic yellow','intranet','2017-03-14 23:04:45','2017-03-14 23:04:52',DEFAULT,35),(98,'card','Alabama budgetary management 1080p Berkshire Steel harness innovate end-to-end Refined rich','architectures','2017-03-14 23:04:45','2017-03-14 23:04:52',DEFAULT,94),(99,'Saint Helena Pound','Buckinghamshire calculating Clothing digital Wisconsin leverage Sleek Frozen Pizza Tools compress calculate','target','2017-03-14 23:04:45','2017-03-14 23:04:52',DEFAULT,50),(100,'Oman','fresh-thinking relationships hacking Games Concrete Danish Krone indexing Fresh Arkansas Investor','sky blue','2017-03-14 23:04:45','2017-03-14 23:04:52',DEFAULT,19);
/*!40000 ALTER TABLE `ribbons` ENABLE KEYS */;
UNLOCK TABLES;

--
-- Table structure for table `test-user`
--

DROP TABLE IF EXISTS `test-user`;
/*!40101 SET @saved_cs_client     = @@character_set_client */;
/*!40101 SET character_set_client = utf8 */;
CREATE TABLE `test-user` (
  `id` int(11) NOT NULL AUTO_INCREMENT,
  `first_name` varchar(255) DEFAULT NULL,
  `lastName` varchar(255) DEFAULT NULL,
  `createdAt` datetime NOT NULL,
  `updatedAt` datetime NOT NULL,
  PRIMARY KEY (`id`)
) ENGINE=InnoDB AUTO_INCREMENT=2 DEFAULT CHARSET=latin1;
/*!40101 SET character_set_client = @saved_cs_client */;

--
-- Dumping data for table `test-user`
--

LOCK TABLES `test-user` WRITE;
/*!40000 ALTER TABLE `test-user` DISABLE KEYS */;
INSERT INTO `test-user` VALUES (1,'John','Hancock','2017-03-14 23:06:50','2017-03-14 23:06:50');
/*!40000 ALTER TABLE `test-user` ENABLE KEYS */;
UNLOCK TABLES;

--
-- Table structure for table `users`
--

DROP TABLE IF EXISTS `users`;
/*!40101 SET @saved_cs_client     = @@character_set_client */;
/*!40101 SET character_set_client = utf8 */;
CREATE TABLE `users` (
  `id` int(11) NOT NULL AUTO_INCREMENT,
  `googlePicture` varchar(255) NOT NULL,
  `name` varchar(255) NOT NULL,
  `admin` tinyint(1) NOT NULL DEFAULT '0',
  `displayedName` varchar(255) DEFAULT NULL,
  `sched` varchar(255) DEFAULT NULL,
  `googleKey` varchar(21) NOT NULL,
  `createdAt` datetime NOT NULL,
  `updatedAt` datetime NOT NULL,
  PRIMARY KEY (`id`),
  UNIQUE KEY `googleKey` (`googleKey`),
  UNIQUE KEY `users_googleKey_unique` (`googleKey`)
) ENGINE=InnoDB AUTO_INCREMENT=101 DEFAULT CHARSET=latin1;
/*!40101 SET character_set_client = @saved_cs_client */;

--
-- Dumping data for table `users`
--

LOCK TABLES `users` WRITE;
/*!40000 ALTER TABLE `users` DISABLE KEYS */;
INSERT INTO `users` VALUES (1,'Plastic','Hayden Zieme',1,'Torey Abbott',NULL,'1','2017-03-14 23:04:41','2017-03-14 23:04:41'),(2,'Division','Hubert Denesik',0,'Toney Lowe',NULL,'2','2017-03-14 23:04:41','2017-03-14 23:04:41'),(3,'Granite','Kathryn Bernier',0,'Rolando Green',NULL,'3','2017-03-14 23:04:41','2017-03-14 23:04:41'),(4,'SMS','Vito Tromp',0,'Cesar Wiza',NULL,'4','2017-03-14 23:04:41','2017-03-14 23:04:41'),(5,'ubiquitous','Damaris Bednar',0,'Rickie DuBuque',NULL,'5','2017-03-14 23:04:41','2017-03-14 23:04:41'),(6,'Small Cotton Computer','Sincere White',0,'Corine Schuster',NULL,'6','2017-03-14 23:04:41','2017-03-14 23:04:41'),(7,'Producer','Arden Fahey',0,'Emmalee Kertzmann',NULL,'7','2017-03-14 23:04:41','2017-03-14 23:04:41'),(8,'synthesize','Schuyler Anderson',0,'Dawn Stroman',NULL,'8','2017-03-14 23:04:41','2017-03-14 23:04:41'),(9,'Music','Adell Hettinger',0,'Jessika Kunde',NULL,'9','2017-03-14 23:04:41','2017-03-14 23:04:41'),(10,'mindshare','Olen Gulgowski',0,'Jermaine Nader',NULL,'10','2017-03-14 23:04:41','2017-03-14 23:04:41'),(11,'lime','Chesley Bernhard',0,'Malinda Koepp',NULL,'11','2017-03-14 23:04:41','2017-03-14 23:04:41'),(12,'Awesome','Cara Kilback',0,'Schuyler Gibson',NULL,'12','2017-03-14 23:04:41','2017-03-14 23:04:41'),(13,'Principal','Orion Moen',0,'Rylee Senger',NULL,'13','2017-03-14 23:04:41','2017-03-14 23:04:41'),(14,'clicks-and-mortar','Jonathon Waelchi',0,'Mafalda Strosin',NULL,'14','2017-03-14 23:04:41','2017-03-14 23:04:41'),(15,'Fantastic','Rosie Schulist',0,'Lane Becker',NULL,'15','2017-03-14 23:04:41','2017-03-14 23:04:41'),(16,'alliance','Damion Hane',0,'Ana Lubowitz',NULL,'16','2017-03-14 23:04:41','2017-03-14 23:04:41'),(17,'HTTP','Eleanore Deckow',0,'Rosalind Dicki',NULL,'17','2017-03-14 23:04:41','2017-03-14 23:04:41'),(18,'Digitized','Mabelle Blick',0,'Hollis Thiel',NULL,'18','2017-03-14 23:04:41','2017-03-14 23:04:41'),(19,'panel','Axel Keeling',0,'Harley Franecki',NULL,'19','2017-03-14 23:04:41','2017-03-14 23:04:41'),(20,'Creative','Lacy Torphy',0,'Velva Toy',NULL,'20','2017-03-14 23:04:41','2017-03-14 23:04:41'),(21,'Books','Amanda Schmeler',0,'Marilie Reichel',NULL,'21','2017-03-14 23:04:41','2017-03-14 23:04:41'),(22,'invoice','Cordia Prohaska',0,'Moriah Johnston',NULL,'22','2017-03-14 23:04:41','2017-03-14 23:04:41'),(23,'virtual','Josefina Ortiz',0,'Christop Runolfsdottir',NULL,'23','2017-03-14 23:04:41','2017-03-14 23:04:41'),(24,'conglomeration','Vicente Greenholt',0,'Amie Zulauf',NULL,'24','2017-03-14 23:04:41','2017-03-14 23:04:41'),(25,'Intelligent','Sarah Powlowski',0,'Hope Gottlieb',NULL,'25','2017-03-14 23:04:41','2017-03-14 23:04:41'),(26,'South Carolina','Eloise Ratke',0,'Eleanore Runte',NULL,'26','2017-03-14 23:04:41','2017-03-14 23:04:41'),(27,'Track','Herminia Kris',0,'Taya Rice',NULL,'27','2017-03-14 23:04:41','2017-03-14 23:04:41'),(28,'Shirt','Montana Dach',0,'Edwardo Cassin',NULL,'28','2017-03-14 23:04:41','2017-03-14 23:04:41'),(29,'Consultant','Salvador Schmidt',0,'Fabian Bins',NULL,'29','2017-03-14 23:04:41','2017-03-14 23:04:41'),(30,'initiatives','Luigi Von',0,'Cyrus Ondricka',NULL,'30','2017-03-14 23:04:41','2017-03-14 23:04:41'),(31,'Personal Loan Account','Edison Barrows',0,'Enid Russel',NULL,'31','2017-03-14 23:04:41','2017-03-14 23:04:41'),(32,'time-frame','Ryder Beier',0,'Helena Luettgen',NULL,'32','2017-03-14 23:04:41','2017-03-14 23:04:41'),(33,'Future','Delores Pfeffer',0,'Marcelle Jast',NULL,'33','2017-03-14 23:04:41','2017-03-14 23:04:41'),(34,'e-commerce','Alisa Dietrich',0,'Henri Bosco',NULL,'34','2017-03-14 23:04:41','2017-03-14 23:04:41'),(35,'Extended','Jada Kirlin',0,'Mariana Fay',NULL,'35','2017-03-14 23:04:41','2017-03-14 23:04:41'),(36,'hacking','Monserrat Bogisich',0,'Miguel Wilderman',NULL,'36','2017-03-14 23:04:41','2017-03-14 23:04:41'),(37,'quantify','Tyrel Conn',0,'Judd Dickinson',NULL,'37','2017-03-14 23:04:41','2017-03-14 23:04:41'),(38,'International','Gerda Treutel',0,'Taryn Welch',NULL,'38','2017-03-14 23:04:41','2017-03-14 23:04:41'),(39,'leading-edge','Kasandra Abshire',0,'Ralph Schuppe',NULL,'39','2017-03-14 23:04:41','2017-03-14 23:04:41'),(40,'port','Gwendolyn Nolan',0,'Bertha Schaefer',NULL,'40','2017-03-14 23:04:41','2017-03-14 23:04:41'),(41,'Car','Demario Parisian',0,'Emmitt Padberg',NULL,'41','2017-03-14 23:04:41','2017-03-14 23:04:41'),(42,'multi-byte','Garnett Schinner',0,'Christelle Renner',NULL,'42','2017-03-14 23:04:41','2017-03-14 23:04:41'),(43,'Bike','Betsy Kunze',0,'Baylee Collier',NULL,'43','2017-03-14 23:04:41','2017-03-14 23:04:41'),(44,'Money Market Account','Roberto Kemmer',0,'Alexandria Roberts',NULL,'44','2017-03-14 23:04:41','2017-03-14 23:04:41'),(45,'markets','Yasmin Gutmann',0,'Margaret Goyette',NULL,'45','2017-03-14 23:04:41','2017-03-14 23:04:41'),(46,'Legacy','Ottilie Gerhold',0,'Markus Friesen',NULL,'46','2017-03-14 23:04:41','2017-03-14 23:04:41'),(47,'copying','Bessie Stark',0,'Tabitha Rempel',NULL,'47','2017-03-14 23:04:41','2017-03-14 23:04:41'),(48,'Guinea Franc','Ahmad Kautzer',0,'Dixie Graham',NULL,'48','2017-03-14 23:04:41','2017-03-14 23:04:41'),(49,'cyan','Eliseo Kozey',0,'Noemy Walter',NULL,'49','2017-03-14 23:04:41','2017-03-14 23:04:41'),(50,'Investment Account','Jermaine Christiansen',0,'Ara Gaylord',NULL,'50','2017-03-14 23:04:41','2017-03-14 23:04:41'),(51,'Web','Mariah Hansen',0,'Johanna Heaney',NULL,'51','2017-03-14 23:04:41','2017-03-14 23:04:41'),(52,'e-commerce','Renee Senger',0,'Cade Ebert',NULL,'52','2017-03-14 23:04:41','2017-03-14 23:04:41'),(53,'Garden','Rose Pagac',0,'Roscoe Kling',NULL,'53','2017-03-14 23:04:41','2017-03-14 23:04:41'),(54,'Analyst','Hector Dickinson',0,'Abdiel Denesik',NULL,'54','2017-03-14 23:04:41','2017-03-14 23:04:41'),(55,'Ergonomic','Augusta Powlowski',0,'Wilfred Kub',NULL,'55','2017-03-14 23:04:41','2017-03-14 23:04:41'),(56,'channels','Wilton Boyer',0,'Rico Pacocha',NULL,'56','2017-03-14 23:04:41','2017-03-14 23:04:41'),(57,'Specialist','Ashleigh Moore',0,'Mae Jast',NULL,'57','2017-03-14 23:04:41','2017-03-14 23:04:41'),(58,'Brand','Freda Skiles',0,'Silas Kunze',NULL,'58','2017-03-14 23:04:41','2017-03-14 23:04:41'),(59,'Executive','Thomas Schneider',0,'Lourdes Streich',NULL,'59','2017-03-14 23:04:41','2017-03-14 23:04:41'),(60,'payment','Elise Ryan',0,'Monserrat Hand',NULL,'60','2017-03-14 23:04:41','2017-03-14 23:04:41'),(61,'Liberia','Retta Stoltenberg',0,'Ansel Terry',NULL,'61','2017-03-14 23:04:41','2017-03-14 23:04:41'),(62,'Lake','Alexis Littel',0,'Jamil Stamm',NULL,'62','2017-03-14 23:04:41','2017-03-14 23:04:41'),(63,'Sleek Fresh Keyboard','Kaya Kuhic',0,'Ahmed Beahan',NULL,'63','2017-03-14 23:04:41','2017-03-14 23:04:41'),(64,'RSS','General Russel',0,'Katlynn Mertz',NULL,'64','2017-03-14 23:04:41','2017-03-14 23:04:41'),(65,'leverage','Dagmar Strosin',0,'Malinda Grant',NULL,'65','2017-03-14 23:04:41','2017-03-14 23:04:41'),(66,'Progressive','Cara Dietrich',0,'Donnell Hessel',NULL,'66','2017-03-14 23:04:41','2017-03-14 23:04:41'),(67,'Money Market Account','Karlie Rolfson',0,'Vallie Pfannerstill',NULL,'67','2017-03-14 23:04:41','2017-03-14 23:04:41'),(68,'Wooden','Destini Jacobson',0,'Olaf McClure',NULL,'68','2017-03-14 23:04:41','2017-03-14 23:04:41'),(69,'Cheese','Elenor Jacobs',0,'Laurie Heller',NULL,'69','2017-03-14 23:04:41','2017-03-14 23:04:41'),(70,'Fresh','Timmothy O\'Kon',0,'Arnoldo McDermott',NULL,'70','2017-03-14 23:04:41','2017-03-14 23:04:41'),(71,'microchip','Christopher Rosenbaum',0,'Barney Sipes',NULL,'71','2017-03-14 23:04:41','2017-03-14 23:04:41'),(72,'Fantastic Metal Shirt','Bennie Zieme',0,'Hans Lesch',NULL,'72','2017-03-14 23:04:41','2017-03-14 23:04:41'),(73,'Soap','Ludie Gutmann',0,'Lenora Langosh',NULL,'73','2017-03-14 23:04:41','2017-03-14 23:04:41'),(74,'Incredible','Colten Johnston',0,'Toney Stokes',NULL,'74','2017-03-14 23:04:41','2017-03-14 23:04:41'),(75,'system engine','Keshaun Rath',0,'Nigel Torphy',NULL,'75','2017-03-14 23:04:41','2017-03-14 23:04:41'),(76,'microchip','Elva Larson',0,'Alden Hartmann',NULL,'76','2017-03-14 23:04:41','2017-03-14 23:04:41'),(77,'Rustic Soft Computer','Tess Bartoletti',0,'Fernando Romaguera',NULL,'77','2017-03-14 23:04:41','2017-03-14 23:04:41'),(78,'Auto Loan Account','Alysson Torphy',0,'Kiel Schmeler',NULL,'78','2017-03-14 23:04:41','2017-03-14 23:04:41'),(79,'back-end','Jettie Jacobi',0,'Jairo Kutch',NULL,'79','2017-03-14 23:04:41','2017-03-14 23:04:41'),(80,'Chicken','Jovany Padberg',0,'Junius Gleichner',NULL,'80','2017-03-14 23:04:41','2017-03-14 23:04:41'),(81,'invoice','Fiona Kris',0,'Reggie Watsica',NULL,'81','2017-03-14 23:04:41','2017-03-14 23:04:41'),(82,'neural','Dortha Bogisich',0,'Grayson Mueller',NULL,'82','2017-03-14 23:04:41','2017-03-14 23:04:41'),(83,'Forward','Desiree Mann',0,'Roberta Ondricka',NULL,'83','2017-03-14 23:04:41','2017-03-14 23:04:41'),(84,'migration','Alvis Macejkovic',0,'Jaunita Fisher',NULL,'84','2017-03-14 23:04:41','2017-03-14 23:04:41'),(85,'Handcrafted Soft Ball','Liliane Tromp',0,'Juvenal Gulgowski',NULL,'85','2017-03-14 23:04:41','2017-03-14 23:04:41'),(86,'Soft','Colton Zemlak',0,'Tamia Cremin',NULL,'86','2017-03-14 23:04:41','2017-03-14 23:04:41'),(87,'California','Madisen Vandervort',0,'Dorian Witting',NULL,'87','2017-03-14 23:04:41','2017-03-14 23:04:41'),(88,'invoice','Luz Mohr',0,'Sydney Legros',NULL,'88','2017-03-14 23:04:41','2017-03-14 23:04:41'),(89,'asynchronous','Jessyca Howe',0,'Maribel Gerhold',NULL,'89','2017-03-14 23:04:41','2017-03-14 23:04:41'),(90,'support','Candice Schuppe',0,'Carmelo Yost',NULL,'90','2017-03-14 23:04:41','2017-03-14 23:04:41'),(91,'California','Colin Zboncak',0,'Jasper Grimes',NULL,'91','2017-03-14 23:04:41','2017-03-14 23:04:41'),(92,'indexing','Sheila Volkman',0,'Davonte Kassulke',NULL,'92','2017-03-14 23:04:41','2017-03-14 23:04:41'),(93,'Versatile','Lemuel Mayert',0,'Schuyler Haag',NULL,'93','2017-03-14 23:04:41','2017-03-14 23:04:41'),(94,'Ireland','Millie Schaden',0,'Kyla Pfeffer',NULL,'94','2017-03-14 23:04:41','2017-03-14 23:04:41'),(95,'Realigned','Daphne Gerhold',0,'Lewis Torphy',NULL,'95','2017-03-14 23:04:41','2017-03-14 23:04:41'),(96,'Outdoors','Cristobal Krajcik',0,'Simeon Schumm',NULL,'96','2017-03-14 23:04:41','2017-03-14 23:04:41'),(97,'Plastic','Roderick Schuster',0,'Margaret Kilback',NULL,'97','2017-03-14 23:04:41','2017-03-14 23:04:41'),(98,'Soft','Moses Hand',0,'Aaron Gusikowski',NULL,'98','2017-03-14 23:04:41','2017-03-14 23:04:41'),(99,'driver','Margarett Reichert',0,'Rico Shanahan',NULL,'99','2017-03-14 23:04:41','2017-03-14 23:04:41'),(100,'Sudan','Karianne Osinski',0,'Hans Kassulke',NULL,'100','2017-03-14 23:04:41','2017-03-14 23:04:41');
/*!40000 ALTER TABLE `users` ENABLE KEYS */;
UNLOCK TABLES;
/*!40103 SET TIME_ZONE=@OLD_TIME_ZONE */;

/*!40101 SET SQL_MODE=@OLD_SQL_MODE */;
/*!40014 SET FOREIGN_KEY_CHECKS=@OLD_FOREIGN_KEY_CHECKS */;
/*!40014 SET UNIQUE_CHECKS=@OLD_UNIQUE_CHECKS */;
/*!40101 SET CHARACTER_SET_CLIENT=@OLD_CHARACTER_SET_CLIENT */;
/*!40101 SET CHARACTER_SET_RESULTS=@OLD_CHARACTER_SET_RESULTS */;
/*!40101 SET COLLATION_CONNECTION=@OLD_COLLATION_CONNECTION */;
/*!40111 SET SQL_NOTES=@OLD_SQL_NOTES */;

-- Dump completed on 2017-03-14 18:08:46
